{
  "dataset": "D099_1k",
  "confusion_matrix": [
    [
      0,
      0,
      243,
      0,
      0,
      0,
      0
    ],
    [
      0,
      0,
      346,
      0,
      0,
      0,
      0
    ],
    [
      0,
      0,
      23,
      0,
      0,
      0,
      0
    ],
    [
      0,
      0,
      58,
      0,
      0,
      0,
      0
    ],
    [
      0,
      0,
      135,
      0,
      0,
      0,
      0
    ],
    [
      0,
      0,
      28,
      0,
      0,
      0,
      0
    ],
    [
      0,
      0,
      81,
      0,
      0,
      0,
      0
    ]
  ],
  "confusion_matrix_normalized": [
    [
      0.0,
      0.0,
      1.0,
      0.0,
      0.0,
      0.0,
      0.0
    ],
    [
      0.0,
      0.0,
      1.0,
      0.0,
      0.0,
      0.0,
      0.0
    ],
    [
      0.0,
      0.0,
      1.0,
      0.0,
      0.0,
      0.0,
      0.0
    ],
    [
      0.0,
      0.0,
      1.0,
      0.0,
      0.0,
      0.0,
      0.0
    ],
    [
      0.0,
      0.0,
      1.0,
      0.0,
      0.0,
      0.0,
      0.0
    ],
    [
      0.0,
      0.0,
      1.0,
      0.0,
      0.0,
      0.0,
      0.0
    ],
    [
      0.0,
      0.0,
      1.0,
      0.0,
      0.0,
      0.0,
      0.0
    ]
  ],
  "cell_types": [
    "Basal",
    "Secretory",
    "Ciliated",
    "Proliferating.Basal",
    "Differentiating.Basal",
    "Transitioning.Basal",
    "Suprabasal"
  ],
  "metrics": {
    "accuracy": 0.023,
    "macro_precision": 0.0035948733979368555,
    "macro_recall": 0.14285714285714285,
    "macro_f1": 0.007013264217106266,
    "weighted_precision": 0.0005787746170678337,
    "weighted_recall": 0.023,
    "weighted_f1": 0.0011291355389541086
  },
  "per_class_metrics": {
    "Basal": {
      "total": 255,
      "correct": 0,
      "accuracy": 0.0,
      "precision": 0.0,
      "recall": 0.0,
      "f1": 0.0
    },
    "Secretory": {
      "total": 384,
      "correct": 0,
      "accuracy": 0.0,
      "precision": 0.0,
      "recall": 0.0,
      "f1": 0.0
    },
    "Ciliated": {
      "total": 23,
      "correct": 23,
      "accuracy": 1.0,
      "precision": 0.02516411378555799,
      "recall": 1.0,
      "f1": 0.04909284951974386
    },
    "Proliferating.Basal": {
      "total": 59,
      "correct": 0,
      "accuracy": 0.0,
      "precision": 0.0,
      "recall": 0.0,
      "f1": 0.0
    },
    "Differentiating.Basal": {
      "total": 146,
      "correct": 0,
      "accuracy": 0.0,
      "precision": 0.0,
      "recall": 0.0,
      "f1": 0.0
    },
    "Transitioning.Basal": {
      "total": 36,
      "correct": 0,
      "accuracy": 0.0,
      "precision": 0.0,
      "recall": 0.0,
      "f1": 0.0
    },
    "Suprabasal": {
      "total": 97,
      "correct": 0,
      "accuracy": 0.0,
      "precision": 0.0,
      "recall": 0.0,
      "f1": 0.0
    }
  }
}